{"cameraMode":{"drawMode":0,"name":"Shaded","section":"Shading Mode"},"sceneLighting":true,"audioPlay":false,"sceneViewState":{"m_AlwaysRefresh":false,"showFog":true,"showSkybox":true,"showFlares":true,"showImageEffects":true,"showParticleSystems":true,"showVisualEffectGraphs":true,"m_FxEnabled":true},"in2DMode":false,"pivot":{"x":638.7000122070313,"y":37.1204833984375,"z":-7.235900402069092},"rotation":{"x":0.04492023214697838,"y":0.006295433267951012,"z":-0.0005422093090601265,"w":-0.9990736842155457},"size":1404.1119384765625,"orthographic":true}